date_id,FULL_DATE,YEAR,MONTH_NAME,DAY,QUARTER,WEEK,DAY_OF_WEEK
1,2025-03-23,2025,March,23,1,23,1
2,2025-01-24,2025,January,24,1,24,6
3,2025-07-12,2025,July,12,3,12,7
4,2025-04-01,2025,April,1,2,1,3
5,2025-02-07,2025,February,7,1,7,6
6,2025-01-14,2025,January,14,1,14,3
7,2025-03-25,2025,March,25,1,25,3
8,2025-02-19,2025,February,19,1,19,4
9,2025-08-05,2025,August,5,3,5,3
10,2025-01-27,2025,January,27,1,27,2
11,2025-07-06,2025,July,6,3,6,1
12,2025-08-12,2025,August,12,3,12,3
13,2025-02-03,2025,February,3,1,3,2
14,2025-03-11,2025,March,11,1,11,3
15,2025-01-15,2025,January,15,1,15,4
16,2025-07-08,2025,July,8,3,8,3
17,2025-07-30,2025,July,30,3,30,4
18,2025-07-27,2025,July,27,3,27,1
19,2025-07-19,2025,July,19,3,19,7
20,2025-01-28,2025,January,28,1,28,3
21,2025-07-16,2025,July,16,3,16,4
22,2025-04-25,2025,April,25,2,25,6
23,2025-01-17,2025,January,17,1,17,6
24,2025-01-10,2025,January,10,1,10,6
25,2025-06-26,2025,June,26,2,26,5
26,2025-03-28,2025,March,28,1,28,6
27,2025-07-22,2025,July,22,3,22,3
28,2025-06-19,2025,June,19,2,19,5
29,2025-03-22,2025,March,22,1,22,7
30,2025-02-09,2025,February,9,1,9,1
31,2025-01-30,2025,January,30,1,30,5
32,2025-07-02,2025,July,2,3,2,4
33,2025-07-14,2025,July,14,3,14,2
34,2025-01-11,2025,January,11,1,11,7
35,2025-06-15,2025,June,15,2,15,1
36,2025-03-05,2025,March,5,1,5,4
37,2025-01-18,2025,January,18,1,18,7
38,2025-08-31,2025,August,31,3,31,1
39,2025-02-06,2025,February,6,1,6,5
40,2025-04-11,2025,April,11,2,11,6
41,2025-05-07,2025,May,7,2,7,4
42,2025-01-23,2025,January,23,1,23,5
43,2025-03-04,2025,March,4,1,4,3
44,2025-04-27,2025,April,27,2,27,1
45,2025-01-22,2025,January,22,1,22,4
46,2025-02-23,2025,February,23,1,23,1
47,2025-06-06,2025,June,6,2,6,6
48,2025-05-27,2025,May,27,2,27,3
49,2025-06-27,2025,June,27,2,27,6
50,2025-06-24,2025,June,24,2,24,3
51,2025-02-24,2025,February,24,1,24,2
52,2025-06-16,2025,June,16,2,16,2
53,2025-07-18,2025,July,18,3,18,6
54,2025-06-28,2025,June,28,2,28,7
55,2025-02-12,2025,February,12,1,12,4
56,2025-03-03,2025,March,3,1,3,2
57,2025-05-15,2025,May,15,2,15,5
58,2025-03-14,2025,March,14,1,14,6
59,2025-08-06,2025,August,6,3,6,4
60,2025-05-03,2025,May,3,2,3,7
61,2025-06-14,2025,June,14,2,14,7
62,2025-02-01,2025,February,1,1,1,7
63,2025-01-16,2025,January,16,1,16,5
64,2025-07-29,2025,July,29,3,29,3
65,2025-05-31,2025,May,31,2,31,7
66,2025-01-20,2025,January,20,1,20,2
67,2025-06-10,2025,June,10,2,10,3
68,2025-02-20,2025,February,20,1,20,5
69,2025-02-16,2025,February,16,1,16,1
70,2025-05-09,2025,May,9,2,9,6
71,2025-06-04,2025,June,4,2,4,4
72,2025-05-25,2025,May,25,2,25,1
73,2025-06-02,2025,June,2,2,2,2
74,2025-07-13,2025,July,13,3,13,1
75,2025-08-18,2025,August,18,3,18,2
76,2025-05-02,2025,May,2,2,2,6
77,2025-05-22,2025,May,22,2,22,5
78,2025-05-23,2025,May,23,2,23,6
79,2025-08-28,2025,August,28,3,28,5
80,2025-01-06,2025,January,6,1,6,2
81,2025-01-25,2025,January,25,1,25,7
82,2025-06-23,2025,June,23,2,23,2
83,2025-01-26,2025,January,26,1,26,1
84,2025-04-15,2025,April,15,2,15,3
85,2025-03-20,2025,March,20,1,20,5
86,2025-03-21,2025,March,21,1,21,6
87,2025-03-08,2025,March,8,1,8,7
88,2025-05-12,2025,May,12,2,12,2
89,2025-08-26,2025,August,26,3,26,3
90,2025-04-24,2025,April,24,2,24,5
91,2025-01-31,2025,January,31,1,31,6
92,2025-03-16,2025,March,16,1,16,1
93,2025-07-23,2025,July,23,3,23,4
94,2025-05-26,2025,May,26,2,26,2
95,2025-04-09,2025,April,9,2,9,4
96,2025-06-17,2025,June,17,2,17,3
97,2025-07-01,2025,July,1,3,1,3
98,2025-08-14,2025,August,14,3,14,5
99,2025-02-25,2025,February,25,1,25,3
100,2025-04-12,2025,April,12,2,12,7
101,2025-08-03,2025,August,3,3,3,1
102,2025-07-11,2025,July,11,3,11,6
103,2025-08-08,2025,August,8,3,8,6
104,2025-06-13,2025,June,13,2,13,6
105,2025-06-11,2025,June,11,2,11,4
106,2025-05-04,2025,May,4,2,4,1
107,2025-02-10,2025,February,10,1,10,2
108,2025-07-03,2025,July,3,3,3,5
109,2025-06-08,2025,June,8,2,8,1
110,2025-03-15,2025,March,15,1,15,7
111,2025-03-09,2025,March,9,1,9,1
112,2025-04-03,2025,April,3,2,3,5
113,2025-01-21,2025,January,21,1,21,3
114,2025-04-14,2025,April,14,2,14,2
115,2025-02-18,2025,February,18,1,18,3
116,2025-01-12,2025,January,12,1,12,1
117,2025-01-13,2025,January,13,1,13,2
118,2025-04-22,2025,April,22,2,22,3
119,2025-06-25,2025,June,25,2,25,4
120,2025-04-19,2025,April,19,2,19,7
121,2025-06-22,2025,June,22,2,22,1
122,2025-07-15,2025,July,15,3,15,3
123,2025-07-28,2025,July,28,3,28,2
124,2025-02-22,2025,February,22,1,22,7
125,2025-02-04,2025,February,4,1,4,3
126,2025-02-02,2025,February,2,1,2,1
127,2025-04-17,2025,April,17,2,17,5
128,2025-05-30,2025,May,30,2,30,6
129,2025-01-01,2025,January,1,1,1,4
130,2025-02-21,2025,February,21,1,21,6
131,2025-01-03,2025,January,3,1,3,6
132,2025-07-05,2025,July,5,3,5,7
133,2025-08-11,2025,August,11,3,11,2
134,2025-03-17,2025,March,17,1,17,2
135,2025-03-02,2025,March,2,1,2,1
136,2025-02-27,2025,February,27,1,27,5
137,2025-04-02,2025,April,2,2,2,4
138,2025-07-20,2025,July,20,3,20,1
139,2025-08-29,2025,August,29,3,29,6
140,2025-07-04,2025,July,4,3,4,6
141,2025-05-24,2025,May,24,2,24,7
142,2025-05-29,2025,May,29,2,29,5
143,2025-06-05,2025,June,5,2,5,5
144,2025-03-13,2025,March,13,1,13,5
145,2025-03-01,2025,March,1,1,1,7
146,2025-06-21,2025,June,21,2,21,7
147,2025-02-17,2025,February,17,1,17,2
148,2025-08-13,2025,August,13,3,13,4
149,2025-02-08,2025,February,8,1,8,7
150,2025-01-07,2025,January,7,1,7,3
151,2025-07-31,2025,July,31,3,31,5
152,2025-03-24,2025,March,24,1,24,2
153,2025-03-18,2025,March,18,1,18,3
154,2025-03-30,2025,March,30,1,30,1
155,2025-02-28,2025,February,28,1,28,6
156,2025-08-09,2025,August,9,3,9,7
157,2025-08-23,2025,August,23,3,23,7
158,2025-03-31,2025,March,31,1,31,2
159,2025-04-05,2025,April,5,2,5,7
160,2025-05-19,2025,May,19,2,19,2
161,2025-04-07,2025,April,7,2,7,2
162,2025-02-15,2025,February,15,1,15,7
163,2025-05-05,2025,May,5,2,5,2
164,2025-01-08,2025,January,8,1,8,4
165,2025-07-25,2025,July,25,3,25,6
166,2025-05-14,2025,May,14,2,14,4
167,2025-03-10,2025,March,10,1,10,2
168,2025-03-07,2025,March,7,1,7,6
169,2025-08-24,2025,August,24,3,24,1
170,2025-07-07,2025,July,7,3,7,2
171,2025-01-05,2025,January,5,1,5,1
172,2025-02-11,2025,February,11,1,11,3
173,2025-04-06,2025,April,6,2,6,1
174,2025-05-06,2025,May,6,2,6,3
175,2025-04-30,2025,April,30,2,30,4
176,2025-06-30,2025,June,30,2,30,2
177,2025-03-26,2025,March,26,1,26,4
178,2025-03-27,2025,March,27,1,27,5
179,2025-06-29,2025,June,29,2,29,1
180,2025-04-10,2025,April,10,2,10,5
181,2025-08-17,2025,August,17,3,17,1
182,2025-08-30,2025,August,30,3,30,7
183,2025-04-21,2025,April,21,2,21,2
184,2025-04-16,2025,April,16,2,16,4
185,2025-07-24,2025,July,24,3,24,5
186,2025-05-08,2025,May,8,2,8,5
187,2025-04-29,2025,April,29,2,29,3
188,2025-03-19,2025,March,19,1,19,4
189,2025-01-02,2025,January,2,1,2,5
190,2025-01-04,2025,January,4,1,4,7
191,2025-08-01,2025,August,1,3,1,6
192,2025-08-25,2025,August,25,3,25,2
193,2025-08-04,2025,August,4,3,4,2
194,2025-04-28,2025,April,28,2,28,2
195,2025-06-18,2025,June,18,2,18,4
196,2025-08-27,2025,August,27,3,27,4
197,2025-04-18,2025,April,18,2,18,6
198,2025-02-13,2025,February,13,1,13,5
199,2025-08-16,2025,August,16,3,16,7
200,2025-05-17,2025,May,17,2,17,7
201,2025-05-28,2025,May,28,2,28,4
202,2025-01-19,2025,January,19,1,19,1
203,2025-05-21,2025,May,21,2,21,4
204,2025-06-01,2025,June,1,2,1,1
205,2025-01-09,2025,January,9,1,9,5
206,2025-02-14,2025,February,14,1,14,6
207,2025-03-06,2025,March,6,1,6,5
208,2025-08-02,2025,August,2,3,2,7
209,2025-08-15,2025,August,15,3,15,6
210,2025-04-08,2025,April,8,2,8,3
211,2025-02-26,2025,February,26,1,26,4
212,2025-05-18,2025,May,18,2,18,1
213,2025-05-10,2025,May,10,2,10,7
214,2025-07-26,2025,July,26,3,26,7
215,2025-08-10,2025,August,10,3,10,1
216,2025-06-20,2025,June,20,2,20,6
217,2025-05-01,2025,May,1,2,1,5
218,2025-03-29,2025,March,29,1,29,7
219,2025-07-21,2025,July,21,3,21,2
220,2025-08-19,2025,August,19,3,19,3
221,2025-04-23,2025,April,23,2,23,4
222,2025-08-20,2025,August,20,3,20,4
223,2025-08-07,2025,August,7,3,7,5
224,2025-07-09,2025,July,9,3,9,4
225,2025-08-22,2025,August,22,3,22,6
226,2025-01-29,2025,January,29,1,29,4
227,2025-07-17,2025,July,17,3,17,5
228,2025-05-20,2025,May,20,2,20,3
229,2025-04-13,2025,April,13,2,13,1
230,2025-06-07,2025,June,7,2,7,7
231,2025-07-10,2025,July,10,3,10,5
232,2025-06-03,2025,June,3,2,3,3
233,2025-05-16,2025,May,16,2,16,6
234,2025-02-05,2025,February,5,1,5,4
235,2025-06-09,2025,June,9,2,9,2
236,2025-04-26,2025,April,26,2,26,7
237,2025-08-21,2025,August,21,3,21,5
238,2025-04-04,2025,April,4,2,4,6
239,2025-05-11,2025,May,11,2,11,1
240,2025-03-12,2025,March,12,1,12,4
241,2025-06-12,2025,June,12,2,12,5
242,2025-04-20,2025,April,20,2,20,1
243,2025-05-13,2025,May,13,2,13,3
